filename,object_location,image_small,image_thumb
deed_229_145.pdf,/objects/deed_229_145.pdf,/objects/small/deed_229_145_sm.jpg,/objects/thumbs/deed_229_145_th.jpg
deed_304_141.pdf,/objects/deed_304_141.pdf,/objects/small/deed_304_141_sm.jpg,/objects/thumbs/deed_304_141_th.jpg
test-1.jpg,/objects/test-1.jpg,/objects/small/test-1_sm.jpg,/objects/thumbs/test-1_th.jpg
deed_235_584.pdf,/objects/deed_235_584.pdf,/objects/small/deed_235_584_sm.jpg,/objects/thumbs/deed_235_584_th.jpg
test-0.jpg,/objects/test-0.jpg,/objects/small/test-0_sm.jpg,/objects/thumbs/test-0_th.jpg
cksi_banner.jpg,/objects/cksi_banner.jpg,/objects/small/cksi_banner_sm.jpg,/objects/thumbs/cksi_banner_th.jpg
test-2.jpg,/objects/test-2.jpg,/objects/small/test-2_sm.jpg,/objects/thumbs/test-2_th.jpg
deed_235_586.pdf,/objects/deed_235_586.pdf,/objects/small/deed_235_586_sm.jpg,/objects/thumbs/deed_235_586_th.jpg
test-3.jpg,/objects/test-3.jpg,/objects/small/test-3_sm.jpg,/objects/thumbs/test-3_th.jpg
